　,　,ニ,　,　,　,　,　,ビ,リ,リ,ダ,マ,　,　,オ,ニ,ス,ズ,メ,　,ピ,ク,シ,ー,　,ド,ー,ド,リ,オ,　
ピ,ジ,ョ,ッ,ト,　,　,ピ,　,　,　,　,ル,　,　,　,　,ト,　,　,ミ,　,　,ェ,　,　,　,　,　,　,ム,　
　,　,ロ,　,　,　,　,カ,　,　,ア,ズ,マ,オ,ウ,　,　,ラ,イ,チ,ュ,ウ,　,ル,　,　,カ,メ,ッ,ク,ス,　
　,カ,モ,ネ,ギ,　,　,チ,　,サ,　,　,イ,　,イ,ー,ブ,イ,　,　,ウ,　,　,ダ,　,　,　,　,　,　,タ,　
カ,　,　,　,ャ,　,ジ,ュ,ゴ,ン,　,コ,ン,パ,ン,　,　,ク,　,ウ,　,フ,リ,ー,ザ,ー,　,ナ,ッ,シ,ー,　
ラ,　,タ,　,ロ,　,　,ウ,　,ド,　,　,　,　,デ,　,シ,　,ラ,ッ,キ,ー,　,　,　,　,　,ゾ,　,　,　,ウ
カ,　,マ,ダ,ツ,ボ,ミ,　,　,パ,　,　,フ,ァ,イ,ヤ,ー,　,　,ボ,　,デ,　,レ,　,　,　,ノ,　,　,　,ツ
ラ,ッ,タ,　,プ,　,ニ,ド,ラ,ン,オ,ス,　,　,　,　,ド,　,　,ッ,　,ィ,　,ア,ー,ボ,ッ,ク,　,　,　,ド
　,　,マ,　,　,　,リ,　,　,　,ニ,　,　,　,　,パ,ラ,セ,ク,ト,　,ン,　,コ,　,　,　,サ,イ,ホ,ー,ン
　,　,　,カ,イ,リ,ュ,ー,　,　,ド,　,ゴ,　,　,ル,　,　,　,　,　,　,　,イ,　,ポ,　,　,　,　,　,　
　,　,　,ブ,　,　,ウ,　,　,バ,リ,ヤ,ー,ド,　,シ,　,サ,　,ガ,　,　,ゴ,ル,バ,ッ,ト,　,ヒ,　,　,ケ
　,ダ,グ,ト,リ,オ,　,ビ,　,　,ル,　,ス,　,　,エ,ビ,ワ,ラ,ー,　,　,ル,　,　,ポ,　,ヒ,ト,デ,マ,ン
　,　,　,プ,　,　,ケ,ー,シ,イ,　,ベ,ト,ベ,ト,ン,　,ム,　,デ,ィ,グ,ダ,　,ヤ,　,　,　,カ,　,　,タ
　,キ,　,ス,　,　,　,ド,　,ワ,　,ロ,　,ト,　,　,　,ラ,　,ィ,　,　,ッ,　,ド,ク,ク,ラ,ゲ,　,　,ロ
　,ュ,　,　,カ,メ,ー,ル,　,ー,　,リ,　,ベ,　,ス,リ,ー,プ,　,ニ,ド,ク,イ,ン,　,　,　,　,　,　,ス
　,ウ,　,　,イ,　,　,　,コ,ク,ー,ン,　,タ,　,　,ザ,　,ク,　,ャ,　,　,　,　,　,フ,シ,ギ,ダ,ネ,　
　,コ,　,　,ロ,　,　,　,イ,　,　,ガ,ル,ー,ラ,　,ー,　,リ,　,ー,　,コ,イ,ル,　,シ,　,ャ,　,　,　
サ,ン,ダ,ー,ス,　,ト,サ,キ,ン,ト,　,　,　,　,ニ,ド,ラ,ン,メ,ス,　,ダ,　,　,　,ギ,　,ラ,プ,ラ,ス
ン,　,　,　,　,　,　,　,ン,　,　,　,　,サ,ン,ド,　,　,　,　,　,　,ッ,　,　,　,バ,　,ド,　,　,　
ダ,　,　,　,ニ,ド,キ,ン,グ,　,　,ド,　,　,　,リ,　,カ,　,　,メ,　,ク,サ,イ,ハ,ナ,　,ス,　,　,エ
ー,　,　,　,ョ,　,　,　,　,ポ,ニ,ー,タ,　,　,ー,　,ブ,ー,ス,タ,ー,　,　,　,ク,　,ブ,　,　,　,レ
　,　,ニ,ョ,ロ,ボ,ン,　,サ,　,　,ド,　,オ,ム,ナ,イ,ト,　,　,モ,　,　,パ,　,リ,　,ー,　,　,　,ブ
カ,　,ド,　,ゾ,　,　,カ,イ,リ,キ,ー,　,コ,　,　,シ,　,　,モ,ン,ジ,ャ,ラ,　,ュ,　,バ,タ,フ,リ,ー
ビ,　,リ,　,　,キ,　,　,ド,　,ン,　,　,リ,　,　,ツ,　,　,ル,　,　,　,ス,リ,ー,パ,ー,　,シ,　,　
ゴ,ロ,ー,ン,　,ヤ,ド,ラ,ン,　,グ,　,　,ザ,　,　,ブ,　,ラ,フ,レ,シ,ア,　,ザ,　,　,　,　,ギ,　,ミ
ン,　,ノ,　,　,タ,　,　,　,ト,ラ,ン,セ,ル,　,プ,テ,ラ,　,ォ,　,　,　,ア,ー,ボ,　,　,　,ソ,　,ュ
　,　,　,ポ,　,ピ,ッ,ピ,　,　,ー,　,　,　,　,リ,　,　,　,ン,　,　,　,　,ド,　,コ,　,パ,ウ,ワ,ウ
　,ゴ,ー,リ,キ,ー,　,　,　,ド,　,ペ,ル,シ,ア,ン,　,　,　,　,ゼ,　,　,ユ,ン,ゲ,ラ,ー,　,　,　,ツ
ス,　,　,ゴ,　,　,マ,タ,ド,ガ,ス,　,　,ャ,　,　,　,ゴ,ロ,ー,ニ,ャ,　,　,　,　,ッ,　,ゲ,ン,ガ,ー
ピ,ジ,ョ,ン,　,ロ,　,ッ,　,ー,　,　,　,ワ,ン,リ,キ,ー,　,　,ガ,　,　,ク,　,　,タ,　,　,　,ラ,　
ア,　,　,　,　,コ,　,ツ,　,ス,タ,ー,ミ,ー,　,　,　,ス,　,　,メ,ノ,ク,ラ,ゲ,　,　,　,　,　,ガ,　
ー,　,　,　,マ,ン,キ,ー,　,　,　,　,　,ズ,バ,ッ,ト,　,　,　,　,　,　,ブ,　,　,ル,ー,ジ,ュ,ラ,　